{
  "placeholderImages": [
    {
      "id": "college-1",
      "description": "SHEAT College of Engineering & Management",
      "imageUrl": "/sheat-eng-mgm.png",
      "imageHint": "college building"
    },
    {
      "id": "college-2",
      "description": "SHEAT College of Paramedical",
      "imageUrl": "/sheat-paramed.png",
      "imageHint": "university campus"
    },
    {
      "id": "college-3",
      "description": "SHEAT College of Higher Education",
      "imageUrl": "/sheat-higher-edu.png",
      "imageHint": "modern architecture"
    },
    {
      "id": "college-4",
      "description": "SHEAT College of Pharmacy",
      "imageUrl": "/sheat-pharmacy.png",
      "imageHint": "library interior"
    },
    {
      "id": "college-5",
      "description": "SHEAT College of Polytechnic",
      "imageUrl": "/sheat-poly.png",
      "imageHint": "students walking"
    },
    {
      "id": "user-avatar",
      "description": "User profile picture",
      "imageUrl": "https://picsum.photos/seed/user/100/100",
      "imageHint": "profile picture"
    }
  ]
}
